{"position": 1, "lap": 5, "id": 1, "lap_times": [3.3493669033050537, 0.25607991218566895, 1.8072760105133057, 0.16071605682373047, 2.5950350761413574]}