{"position": 1, "lap": 5, "id": 1, "lap_times": [3.086663007736206, 3.0231239795684814, 0.1636960506439209, 2.303705930709839, 2.6211838722229004]}