{"id": 1, "lap": 3, "position": 1, "lap_times": [1.561784267425537, 1.2243542671203613, 1.7934823036193848]}