{"id": 1, "lap": 3, "position": 1, "lap_times": [1.56046462059021, 1.2244560718536377, 1.7934486865997314]}