{"id": 1, "lap": 3, "position": 1, "lap_times": [1.5601470470428467, 1.2221899032592773, 1.7964541912078857]}